"Authors","Author full names","Author(s) ID","Title","Year","DOI","Link"
"Yuksel M.; Dogac A.","Yuksel, Mustafa (57206141373); Dogac, Asuman (7003354842)","57206141373; 7003354842","Interoperability of medical device information and the clinical applications: An HL7 RMIM based on the ISO/IEEE 11073 DIM","2011","10.1109/TITB.2011.2151868","https://www.scopus.com/inward/record.uri?eid=2-s2.0-79960483857&doi=10.1109%2fTITB.2011.2151868&partnerID=40&md5=353c33dc54957678809fdc9590db3d26"
"Helm E.; Franz B.; Schuler A.; Krauss O.; Küng J.","Helm, Emmanuel (54791996100); Franz, Barbara (7005587283); Schuler, Andreas (7005367290); Krauss, Oliver (56734297000); Küng, Josef (7006389016)","54791996100; 7005587283; 7005367290; 56734297000; 7006389016","Towards standards based health data extraction facilitating process mining","2017","","https://www.scopus.com/inward/record.uri?eid=2-s2.0-85035093931&partnerID=40&md5=136f59e5fc0a947598e2e37e59f29942"
"Lamprinakos G.C.; Mousas A.S.; Kapsalis A.P.; Kaklamani D.I.; Venieris I.S.; Boufis A.D.; Karmiris P.D.; Mantzouratos S.G.","Lamprinakos, Georgios C. (36634429200); Mousas, Aziz S. (35190741100); Kapsalis, Andreas P. (56566393400); Kaklamani, Dimitra I. (35571264900); Venieris, Iakovos S. (7004778058); Boufis, Anastasis D. (56566764900); Karmiris, Panagiotis D. (58378582800); Mantzouratos, Spyros G. (55427687800)","36634429200; 35190741100; 56566393400; 35571264900; 7004778058; 56566764900; 58378582800; 55427687800","Using FHIR to develop a healthcare mobile application","2015","10.1109/MOBIHEALTH.2014.7015927","https://www.scopus.com/inward/record.uri?eid=2-s2.0-84925356154&doi=10.1109%2fMOBIHEALTH.2014.7015927&partnerID=40&md5=5ff021c2f8eef84e4b4c047044f564fd"
"Cuggia M.; Bayat S.; Rossille D.; Poulain P.; Pladys P.; Robert H.; Duvauferrier R.","Cuggia, Marc (6507457425); Bayat, Sahar (24330524900); Rossille, Delphine (6507586691); Poulain, Patrice (58412863500); Pladys, Patrick (7004336789); Robert, Hélène (57213284393); Duvauferrier, Régis (7005396587)","6507457425; 24330524900; 6507586691; 58412863500; 7004336789; 57213284393; 7005396587","Comparing the apgar score representation in HL7 and OpenEHR formalisms","2009","10.3233/978-1-60750-044-5-250","https://www.scopus.com/inward/record.uri?eid=2-s2.0-72249117873&doi=10.3233%2f978-1-60750-044-5-250&partnerID=40&md5=2f8438c2b9cb82abce6f901b64874e4e"
"McCay C.; Odling-Smee M.; Waller J.; Wrightson A.","McCay, Charlie (57225839460); Odling-Smee, Michael (55510519600); Waller, Joseph (55511352400); Wrightson, Ann (55511569800)","57225839460; 55510519600; 55511352400; 55511569800","Graciously handling a level of change in a complex specification: Configuration management for community-scale implementation of an HL7v3 messaging specification","2009","10.4242/BalisageVol3.Wrightson01","https://www.scopus.com/inward/record.uri?eid=2-s2.0-84870486858&doi=10.4242%2fBalisageVol3.Wrightson01&partnerID=40&md5=43b67348ed2f9cb0b58bf0a02ae3a056"
"Guizani N.; Fayn J.","Guizani, Nachoua (56781292200); Fayn, Jocelyne (7003856607)","56781292200; 7003856607","Personalized message routing policy in pervasive eHealth applications based on HL7 RIM","2015","10.3233/978-1-61499-516-6-265","https://www.scopus.com/inward/record.uri?eid=2-s2.0-84939241811&doi=10.3233%2f978-1-61499-516-6-265&partnerID=40&md5=6fab1ee406156f06a1977f4002f2ea25"
"Umer S.; Afzal M.; Hussain M.; Latif K.; Ahmad H.F.","Umer, Shagufta (38663285600); Afzal, Muhammad (7102789390); Hussain, Maqbool (35213389000); Latif, Khalid (6603419514); Ahmad, Hafiz Farooq (55776667100)","38663285600; 7102789390; 35213389000; 6603419514; 55776667100","Autonomous mapping of HL7 RIM and relational database schema","2012","10.1007/s10796-011-9309-x","https://www.scopus.com/inward/record.uri?eid=2-s2.0-84858156519&doi=10.1007%2fs10796-011-9309-x&partnerID=40&md5=a4fdf697683e53fa436bb38985f60628"
"Oliveira D.; Coimbra A.; Miranda F.; Abreu N.; Leuschner P.; Machado J.; Abelha A.","Oliveira, Daniela (57212500652); Coimbra, Ana (57190065751); Miranda, Filipe (57212030049); Abreu, Nuno (57201582091); Leuschner, Pedro (35364756800); Machado, José (57943272100); Abelha, António (6506287527)","57212500652; 57190065751; 57212030049; 57201582091; 35364756800; 57943272100; 6506287527","New approach to an openEHR introduction in a portuguese healthcare facility","2018","10.1007/978-3-319-77700-9_21","https://www.scopus.com/inward/record.uri?eid=2-s2.0-85045320739&doi=10.1007%2f978-3-319-77700-9_21&partnerID=40&md5=6a27b6dfc2a5b4b098597344eb26de39"
"Jayaratna P.; Sartipi K.","Jayaratna, Priya (27867629700); Sartipi, Kamran (6602396284)","27867629700; 6602396284","Tool-assisted healthcare knowledge to HL7 message translation","2009","10.1109/ICCME.2009.4906662","https://www.scopus.com/inward/record.uri?eid=2-s2.0-67650648718&doi=10.1109%2fICCME.2009.4906662&partnerID=40&md5=c139bd64cea5c20dcd15de6a6757dca4"
"Priyatna F.; Calvo R.A.; Paraiso-Medina S.; Padron-Sanchez G.; Corcho O.","Priyatna, Freddy (36624192700); Calvo, Raul Alonso (6505871369); Paraiso-Medina, Sergio (55735359100); Padron-Sanchez, Gueton (57188871867); Corcho, Oscar (14010357000)","36624192700; 6505871369; 55735359100; 57188871867; 14010357000","R2RML-based access and querying to relational clinical data with morph-RDB","2015","","https://www.scopus.com/inward/record.uri?eid=2-s2.0-84964049621&partnerID=40&md5=8206dc11674e7c7d67a7b13d432517f5"
"Bonney W.; Christie S.; Paterson G.; Thibault-Halman G.; Alsulaiman A.","Bonney, Wilfred (26649829000); Christie, Sean (7005856742); Paterson, Grace (7005892771); Thibault-Halman, Ginette (37122763000); Alsulaiman, Areej (55793659900)","26649829000; 7005856742; 7005892771; 37122763000; 55793659900","Design and implementation of synoptic operative report template using interoperable standards","2013","10.3233/978-1-61499-203-5-195","https://www.scopus.com/inward/record.uri?eid=2-s2.0-84880142859&doi=10.3233%2f978-1-61499-203-5-195&partnerID=40&md5=ab26410639568f97969d0547603ea5d1"
"Suna T.","Suna, Teemu (15761638000)","15761638000","Finnish national archive of health information (KanTa): General concepts and information model","2011","","https://www.scopus.com/inward/record.uri?eid=2-s2.0-79551597041&partnerID=40&md5=41e66e01980c7233e1e93a1b7397b38d"
"Lu X.; Gu Y.; Zhao J.; Yu N.; Jia W.","Lu, Xiaoqi (14039286600); Gu, Yu (57199810470); Zhao, Jianfeng (50562386800); Yu, Ning (50562588000); Jia, Weitao (37018443100)","14039286600; 57199810470; 50562386800; 50562588000; 37018443100","Research and implementation of medical information format conversion based on HL7 Version 2.x","2011","10.1109/CSSS.2011.5974909","https://www.scopus.com/inward/record.uri?eid=2-s2.0-80052325360&doi=10.1109%2fCSSS.2011.5974909&partnerID=40&md5=3c00aa91adf3a4498d6f4c27636c27f0"
"Riva G.; Zerbini C.; Voos J.; Centeno C.; González E.","Riva, Guillermo (36718049400); Zerbini, Carlos (23053486200); Voos, Javier (23053031800); Centeno, Carlos (23049061900); González, Eduardo (23049690700)","36718049400; 23053486200; 23053031800; 23049061900; 23049690700","Low level communication management for e-health systems","2011","10.1088/1742-6596/332/1/012052","https://www.scopus.com/inward/record.uri?eid=2-s2.0-84859518743&doi=10.1088%2f1742-6596%2f332%2f1%2f012052&partnerID=40&md5=0d0072a825f26e061e21bbd004490f0f"
"Gabor-Harosa F.M.; Stan O.P.; Daina L.; Mocean F.","Gabor-Harosa, Florina Maria (57189051402); Stan, Ovidiu Petru (55998341100); Daina, Lucia (24172600900); Mocean, Floarea (24449452000)","57189051402; 55998341100; 24172600900; 24449452000","Proposed model for a Romanian register of chronic diseases in children","2016","10.1016/j.cmpb.2016.01.022","https://www.scopus.com/inward/record.uri?eid=2-s2.0-84964944564&doi=10.1016%2fj.cmpb.2016.01.022&partnerID=40&md5=cd334ace35e1b0a48af22a9d82db9531"
"Goossen W.; Oemig F.","Goossen, William (7003507151); Oemig, Frank (22941217500)","7003507151; 22941217500","Representing the glasgow coma scale in IT: Proper specification is required for assessment scales","2014","10.3233/978-1-61499-393-3-42","https://www.scopus.com/inward/record.uri?eid=2-s2.0-84903732697&doi=10.3233%2f978-1-61499-393-3-42&partnerID=40&md5=066b6c4d5d5316a7f24fe024e47efe3f"
"Carlson D.; Farkash A.; Timm J.T.E.","Carlson, David (57196613003); Farkash, Ariel (6602940398); Timm, John T.E. (14632735600)","57196613003; 6602940398; 14632735600","A model-driven approach for biomedical data integration","2010","10.3233/978-1-60750-588-4-1164","https://www.scopus.com/inward/record.uri?eid=2-s2.0-78649508421&doi=10.3233%2f978-1-60750-588-4-1164&partnerID=40&md5=c03de1a032cb9b997a38e7eeb8bfedc2"
"Oemig F.; Blobel B.","Oemig, Frank (22941217500); Blobel, B. (55551292000)","22941217500; 55551292000","An ontology architecture for HL7 V3: Pitfalls and outcomes","2009","10.1007/978-3-642-03893-8_118","https://www.scopus.com/inward/record.uri?eid=2-s2.0-77949476319&doi=10.1007%2f978-3-642-03893-8_118&partnerID=40&md5=53ceb3647d51991912b9e8a0fbcecc47"
"Ariyanti S.; Kautsarina","Ariyanti, Sri (58494621700); Kautsarina (56411999700)","58494621700; 56411999700","A Proposed the Internet of Things (IoT) Framework for Health Sector in Indonesia","2018","10.1109/TENCONSpring.2018.8691998","https://www.scopus.com/inward/record.uri?eid=2-s2.0-85065059088&doi=10.1109%2fTENCONSpring.2018.8691998&partnerID=40&md5=b987eade8e341346202959301dbbd35c"
"Giannini B.; Gazzarata R.; Sticchi L.; Giacomini M.","Giannini, Barbara (57070223000); Gazzarata, Roberta (36466289400); Sticchi, Laura (8983382200); Giacomini, Mauro (55208666200)","57070223000; 36466289400; 8983382200; 55208666200","A SOA-Based solution to monitor vaccination coverage among HIV-Infected patients in liguria","2017","10.3233/978-1-61499-678-1-327","https://www.scopus.com/inward/record.uri?eid=2-s2.0-85021308305&doi=10.3233%2f978-1-61499-678-1-327&partnerID=40&md5=1d88eb85d2696930473452a55038d91b"
"Reilent E.; Lõõbas I.; Kuusik A.; Ross P.","Reilent, E. (25927461300); Lõõbas, I. (36179731500); Kuusik, A. (13905948400); Ross, P. (15760838900)","25927461300; 36179731500; 13905948400; 15760838900","Improving the data compatibility of PHR and telecare solutions","2011","10.1007/978-3-642-23508-5_240","https://www.scopus.com/inward/record.uri?eid=2-s2.0-80455144774&doi=10.1007%2f978-3-642-23508-5_240&partnerID=40&md5=f326ef1fbfdc051b3417838c3a87e210"
"Abril-Gonzalez M.; Portilla F.A.; Jaramillo-Mejia M.C.","Abril-Gonzalez, Mauricio (57192962445); Portilla, Fernando A. (57023927300); Jaramillo-Mejia, Marta C. (56006841000)","57192962445; 57023927300; 56006841000","Standard Health Level Seven for Odontological Digital Imaging","2017","10.1089/tmj.2015.0251","https://www.scopus.com/inward/record.uri?eid=2-s2.0-85009485603&doi=10.1089%2ftmj.2015.0251&partnerID=40&md5=86dbc846d1cbfeb725acc592e1d7774b"
"Menezes A.L.; Cirilo C.E.; De Moraes J.L.C.; De Souza W.L.; Do Prado A.F.","Menezes, Anderson L. (53981735600); Cirilo, Carlos E. (36185142100); De Moraes, João L.C. (53981404800); De Souza, Wanderley L. (35598774000); Do Prado, Antonio F. (6701777695)","53981735600; 36185142100; 53981404800; 35598774000; 6701777695","Using archetypes and Domain Specific Languages on development of ubiquitous applications to pervasive healthcare","2010","10.1109/CBMS.2010.6042677","https://www.scopus.com/inward/record.uri?eid=2-s2.0-80055099915&doi=10.1109%2fCBMS.2010.6042677&partnerID=40&md5=4475a2cb640c0dd23ce4b2f35c5fba25"
"Noumeir R.; Pambrun J.-F.","Noumeir, Rita (6701833664); Pambrun, Jean-François (36015489000)","6701833664; 36015489000","Hands-on approach for teaching HL 7 version 3","2010","10.1109/ITAB.2010.5687707","https://www.scopus.com/inward/record.uri?eid=2-s2.0-79951590904&doi=10.1109%2fITAB.2010.5687707&partnerID=40&md5=612d75ce4e323f020d10a5175e82250e"
"Meister S.","Meister, Sven (36096979700)","36096979700","Telemedical events: Intelligent delivery of telemedical values using CEP and HL7","2012","10.1007/978-3-642-29231-6_1","https://www.scopus.com/inward/record.uri?eid=2-s2.0-84879716095&doi=10.1007%2f978-3-642-29231-6_1&partnerID=40&md5=c55bbb2548c15721777ef81db4b56090"
"Namli T.; Aluc G.; Dogac A.","Namli, Tuncay (25653328900); Aluc, Gunes (26533737300); Dogac, Asuman (7003354842)","25653328900; 26533737300; 7003354842","An interoperability test framework for HL7-based systems","2009","10.1109/TITB.2009.2016086","https://www.scopus.com/inward/record.uri?eid=2-s2.0-67349110011&doi=10.1109%2fTITB.2009.2016086&partnerID=40&md5=92a359f5dbb1f92bf782740278b20801"
"Sabar M.I.; Jayaweera P.M.; Edirisuriya E.A.T.A.","Sabar, M.I. (57188854923); Jayaweera, Prasad M. (7003506770); Edirisuriya, E.A.T.A. (57188846547)","57188854923; 7003506770; 57188846547","International Interoperability through unified universal HL7 v3 Green Messaging","2016","10.1109/ICTER.2015.7377675","https://www.scopus.com/inward/record.uri?eid=2-s2.0-84963823340&doi=10.1109%2fICTER.2015.7377675&partnerID=40&md5=101b19991a78e6ef1cf09a5b3ad9ed7b"
"Oliveira D.; Miranda F.M.M.; Coimbra A.; Abreu N.; Leuschner P.; Abelha A.C.","Oliveira, Daniela (57212500652); Miranda, Filipe Manuel Mota (57212030049); Coimbra, Ana (57190065751); Abreu, Nuno (57201582091); Leuschner, Pedro (35364756800); Abelha, António Carlos (6506287527)","57212500652; 57212030049; 57190065751; 57201582091; 35364756800; 6506287527","OpenEHR meets interoperability and knowledge engineering","2020","10.4018/IJRQEH.2020010101","https://www.scopus.com/inward/record.uri?eid=2-s2.0-85092543223&doi=10.4018%2fIJRQEH.2020010101&partnerID=40&md5=b533aef46d236dab4b574efa9bb1f17b"
"Nagy M.; Preckova P.; Seidl L.; Zvarova J.","Nagy, Miroslav (56275608600); Preckova, Petra (23499299600); Seidl, Libor (35784993200); Zvarova, Jana (7006675429)","56275608600; 23499299600; 35784993200; 7006675429","Challenges of interoperability using HL7 v3 in Czech healthcare","2010","10.3233/978-1-60750-563-1-122","https://www.scopus.com/inward/record.uri?eid=2-s2.0-77954617040&doi=10.3233%2f978-1-60750-563-1-122&partnerID=40&md5=6dfa7ac8b7029fe81f4d5d9c41367e50"
"Schulz S.; Schober D.; Daniel C.; Jaulent M.-C.","Schulz, Stefan (58220140300); Schober, Daniel (24466734000); Daniel, Christel (24334555100); Jaulent, Marie-Christine (7003346504)","58220140300; 24466734000; 24334555100; 7003346504","Bridging the semantics gap between terminologies, ontologies, and information models","2010","10.3233/978-1-60750-588-4-1000","https://www.scopus.com/inward/record.uri?eid=2-s2.0-78649498237&doi=10.3233%2f978-1-60750-588-4-1000&partnerID=40&md5=c227be31faee924428a010198d9179f0"
"López D.M.; Blobel B.","López, D.M. (22941628100); Blobel, B. (55551292000)","22941628100; 55551292000","Architectural approaches for HL7-based health information systems implementation","2010","10.3414/ME09-02-0012","https://www.scopus.com/inward/record.uri?eid=2-s2.0-77949779915&doi=10.3414%2fME09-02-0012&partnerID=40&md5=edc7064e87293a94c1e1bdd667b9cb76"
"Bender D.; Sartipi K.","Bender, Duane (56821207500); Sartipi, Kamran (6602396284)","56821207500; 6602396284","HL7 FHIR: An agile and RESTful approach to healthcare information exchange","2013","10.1109/CBMS.2013.6627810","https://www.scopus.com/inward/record.uri?eid=2-s2.0-84889012801&doi=10.1109%2fCBMS.2013.6627810&partnerID=40&md5=9a5fa89b24a72452dadb9bc542443b83"
"Rocha N.P.; Queirós A.; Augusto F.; Rodríguez Y.L.; Cardoso C.; Grade J.M.; Quintas J.","Rocha, Nelson Pacheco (57200143400); Queirós, Alexandra (36138864700); Augusto, Filipe (56040048200); Rodríguez, Yosvany Llerena (56039803800); Cardoso, Carlos (56281050900); Grade, José Miguel (57222369431); Quintas, Joaõ (37005875400)","57200143400; 36138864700; 56040048200; 56039803800; 56281050900; 57222369431; 37005875400","Information persistence services designed to support home care","2015","10.2196/medinform.3699","https://www.scopus.com/inward/record.uri?eid=2-s2.0-84943247466&doi=10.2196%2fmedinform.3699&partnerID=40&md5=75d19ba3f5a769dfbe20c940b60b87aa"
"Calamai R.; Giarré L.","Calamai, Renato (36056012000); Giarré, Laura (6603769649)","36056012000; 6603769649","HL7v3 CDA Rel.2 prescription: Localization experience and GP integration project","2010","10.1109/WHCM.2010.5441273","https://www.scopus.com/inward/record.uri?eid=2-s2.0-77952519944&doi=10.1109%2fWHCM.2010.5441273&partnerID=40&md5=d49993ea3c487ac9058ef75a9da8d308"
"Mehmood Y.; Javed M.Y.; Afzal M.; Ahmad H.F.","Mehmood, Yasir (57224661882); Javed, Muhammad Younus (25825818300); Afzal, Muhammad (7102789390); Ahmad, Hafiz Farooq (55776667100)","57224661882; 25825818300; 7102789390; 55776667100","Efficient metadata loading algorithm for generation and parsing of health level 7 version 3 messages","2009","10.1109/ICET.2009.5353154","https://www.scopus.com/inward/record.uri?eid=2-s2.0-76549099054&doi=10.1109%2fICET.2009.5353154&partnerID=40&md5=5b5b49b53605630df06a0cd5895bd44d"
"Meister S.; Koch O.","Meister, S. (36096979700); Koch, O. (57215465752)","36096979700; 57215465752","Information overload in telemedicine: Using complex event processing and context for intelligent information filtering and supply","2012","10.3182/20120403-3-DE-3010.00089","https://www.scopus.com/inward/record.uri?eid=2-s2.0-84866140244&doi=10.3182%2f20120403-3-DE-3010.00089&partnerID=40&md5=aa819220bc44b288762d1fa8d1aad89a"
"Viangteeravat T.; Anyanwu M.N.; Nagisetty V.R.; Kuscu E.; Sakauye M.E.; Wu D.","Viangteeravat, Teeradache (22958931500); Anyanwu, Matthew N. (11139038500); Nagisetty, Venkateswara R. (56070653100); Kuscu, Emin (37059168000); Sakauye, Mark E. (57189587923); Wu, Duojiao (55250683700)","22958931500; 11139038500; 56070653100; 37059168000; 57189587923; 55250683700","Clinical data integration of distributed data sources using Health Level Seven (HL7) v3-RIM mapping","2011","10.1186/2043-9113-1-32","https://www.scopus.com/inward/record.uri?eid=2-s2.0-84870792206&doi=10.1186%2f2043-9113-1-32&partnerID=40&md5=b42e569084067406542809b6e5e7987c"
"Bánfai B.; Ulrich B.; Török Z.; Natarajan R.; Ireland T.","Bánfai, Balázs (55367250000); Ulrich, Brandon (35225464400); Török, Zsolt (40262588000); Natarajan, Ravi (40262117200); Ireland, Tim (40261756200)","55367250000; 35225464400; 40262588000; 40262117200; 40261756200","Implementing an HL7 version 3 modeling tool from an Ecore model","2009","10.3233/978-1-60750-044-5-157","https://www.scopus.com/inward/record.uri?eid=2-s2.0-72249121102&doi=10.3233%2f978-1-60750-044-5-157&partnerID=40&md5=c96fdedee210567000a222f1df71a826"
"Mendes D.; Rodrigues I.P.","Mendes, David (53981759700); Rodrigues, Irene Pimenta (7006705182)","53981759700; 7006705182","Advances to semantic interoperability through CPR ontology enrichment extracting from SOAP framework reports","2012","","https://www.scopus.com/inward/record.uri?eid=2-s2.0-84867738029&partnerID=40&md5=e70dd34193e89dd3eab4d238e98f01d1"
"Rehman R.; Halai M.","Rehman, Rabiya (57219402906); Halai, Murtaza (55075448200)","57219402906; 55075448200","Conceptual model of digital pH meter in telemedicine","2011","10.1109/INMIC.2011.6151517","https://www.scopus.com/inward/record.uri?eid=2-s2.0-84858061023&doi=10.1109%2fINMIC.2011.6151517&partnerID=40&md5=4688acf8997462d14e8b9ccc0b6b8c49"
"Sahay R.; Fox R.; Zimmermann A.; Polleres A.; Hauswrith M.","Sahay, Ratnesh (25722355600); Fox, Ronan (25721956400); Zimmermann, Antoine (15137763000); Polleres, Axel (14042181800); Hauswrith, Manfred (49661409200)","25722355600; 25721956400; 15137763000; 14042181800; 49661409200","A methodological approach for ontologising and aligning health level seven (HL7) applications","2011","10.1007/978-3-642-23300-5_9","https://www.scopus.com/inward/record.uri?eid=2-s2.0-80052337949&doi=10.1007%2f978-3-642-23300-5_9&partnerID=40&md5=0f0146e44634985b95514da2f8074fc5"
"Egner A.; Moldoveanu F.; Goga N.; Moldoveanu A.; Asavei V.; Morar A.","Egner, Alexandru (56600305000); Moldoveanu, Florica (6507837390); Goga, Nicolae (8727472200); Moldoveanu, Alin (24438151800); Asavei, Victor (24437797700); Morar, Anca (36598771600)","56600305000; 6507837390; 8727472200; 24438151800; 24437797700; 36598771600","Customized test data generator for HL7v3 based healthcare information systems","2013","","https://www.scopus.com/inward/record.uri?eid=2-s2.0-84887695915&partnerID=40&md5=068c1ab729a5f235df5edec1767d6563"
"Mcshan D.; Kessler M.; Keranen W.; Fraass B.","Mcshan, D. (7003416743); Kessler, M. (35496446900); Keranen, W. (35776620700); Fraass, B. (35500933700)","7003416743; 35496446900; 35776620700; 35500933700","SU‐FF‐T‐481: Computerized Implementation of Radiation Treatment Planning Directives","2009","10.1118/1.3181979","https://www.scopus.com/inward/record.uri?eid=2-s2.0-85024777185&doi=10.1118%2f1.3181979&partnerID=40&md5=57807172d0651fdfff1a2a8ddc065c7c"
"Luz M.P.; Nogueira J.R.D.M.; Cavalini L.T.; Cook T.W.","Luz, Maria Penna (57189216754); Nogueira, Joyce Rocha De Matos (57091245000); Cavalini, Luciana Tricai (14064648600); Cook, Timothy Wayne (56544008800)","57189216754; 57091245000; 14064648600; 56544008800","Providing Full Semantic Interoperability for the Fast Healthcare Interoperability Resources Schemas with Resource Description Framework","2015","10.1109/ICHI.2015.74","https://www.scopus.com/inward/record.uri?eid=2-s2.0-84966397601&doi=10.1109%2fICHI.2015.74&partnerID=40&md5=320968c29921a407020dff98fdc2bc88"
"Pfeiffer K.; Duftschmid G.; Rinner C.","Pfeiffer, Klaus (56244683100); Duftschmid, Georg (6602376532); Rinner, Christoph (35225348500)","56244683100; 6602376532; 35225348500","Validating EHR documents: Automatic schematron generation using archetypes","2014","10.3233/978-1-61499-397-1-101","https://www.scopus.com/inward/record.uri?eid=2-s2.0-84903701047&doi=10.3233%2f978-1-61499-397-1-101&partnerID=40&md5=b0fa25f6d5071ad04fec199c9dad3b0c"
"Ingenerf J.; Kock A.-K.; Poelker M.; Seidl K.; Zeplin G.; Mersmann S.; Handels H.","Ingenerf, Josef (6603276740); Kock, Ann-Kristin (57194129811); Poelker, Marcel (55561614800); Seidl, Konrad (55561626100); Zeplin, Georg (55560662400); Mersmann, Stefan (34570672700); Handels, Heinz (6701686055)","6603276740; 57194129811; 55561614800; 55561626100; 55560662400; 34570672700; 6701686055","Standardizing intensive care device data to enable secondary usages","2012","10.3233/978-1-61499-101-4-619","https://www.scopus.com/inward/record.uri?eid=2-s2.0-84872550634&doi=10.3233%2f978-1-61499-101-4-619&partnerID=40&md5=ceb28cb3f5b1068a250a71b7d6ac8bfc"
"Heymans S.; McKennirey M.; Phillips J.","Heymans, Stijn (56021775200); McKennirey, Matthew (57003431200); Phillips, Joshua (25646287000)","56021775200; 57003431200; 25646287000","Semantic validation of the use of SNOMED CT in HL7 clinical documents","2011","10.1186/2041-1480-2-2","https://www.scopus.com/inward/record.uri?eid=2-s2.0-84855973554&doi=10.1186%2f2041-1480-2-2&partnerID=40&md5=0890e840654df5e6c5cee2aace872b1e"
"Moldoveanu F.; Cristescu S.A.","Moldoveanu, Florica (6507837390); Cristescu, Sorin-Alexandru (56085775900)","6507837390; 56085775900","An agent-oriented and service-oriented architecture in medicine","2013","","https://www.scopus.com/inward/record.uri?eid=2-s2.0-84896975782&partnerID=40&md5=0a7bcdcfa7f1a65650fb7fd7954a8201"
"Santos H.S.; Dutra O.O.; Moreira E.M.; Ferreira L.H.C.","Santos, Hicaro S. (57195408324); Dutra, Odilon O. (56057898000); Moreira, Edmilson M. (11939758400); Ferreira, Luis H. C. (55421892300)","57195408324; 56057898000; 11939758400; 55421892300","Android framework for automatic diagnosis of heart diseases","2017","10.1109/MeMeA.2017.7985878","https://www.scopus.com/inward/record.uri?eid=2-s2.0-85027893971&doi=10.1109%2fMeMeA.2017.7985878&partnerID=40&md5=a95e62d42878394fc51c22c1c4003bda"
"Wahl H.; Winiwarter W.","Wahl, Harald (7102344640); Winiwarter, Werner (57224438042)","7102344640; 57224438042","Exemplary use cases based on the generic data model for the integrated intelligent computer-assisted language learning (iiCALL) environment","2014","10.1145/2684200.2684334","https://www.scopus.com/inward/record.uri?eid=2-s2.0-84985916818&doi=10.1145%2f2684200.2684334&partnerID=40&md5=d6fbe97141f94133b9080948f1ccc434"
"Goossen W.; Langford L.H.","Goossen, William (7003507151); Langford, Laura Heermann (22953294800)","7003507151; 22953294800","Exchanging care records using HL7 V3 care provision messages.","2014","10.1136/amiajnl-2013-002264","https://www.scopus.com/inward/record.uri?eid=2-s2.0-84908126639&doi=10.1136%2famiajnl-2013-002264&partnerID=40&md5=02eb8331aeb2276e0a4e0a9ee0d76f14"
"Saldana-Barrios J.J.; Concepcion-Patino D.","Saldana-Barrios, Juan José (57964019800); Concepcion-Patino, Dimas (58745340600)","57964019800; 58745340600","Analysis and development of a technological solution based on the HL7 V3 standard for ubiquitous access to immunization control; [Análisis y desarrollo de una solución tecnológica basada en el estándar HL7 V3 para el acceso ubicuo al control de la vacunación]","2022","","https://www.scopus.com/inward/record.uri?eid=2-s2.0-85141821636&partnerID=40&md5=96864f15ce8a95feea6612acb70eb781"
"Simon O.T.T.; Rinner C.; Duftschmid G.","Simon, O.T.T. (57209340421); Rinner, Christoph (35225348500); Duftschmid, Georg (6602376532)","57209340421; 35225348500; 6602376532","Expressing patient selection criteria based on HL7 V3 templates within the open-source tool ART-DECOR","2019","10.3233/978-1-61499-971-3-226","https://www.scopus.com/inward/record.uri?eid=2-s2.0-85066466992&doi=10.3233%2f978-1-61499-971-3-226&partnerID=40&md5=7092094684745797bfa93b4c21809e8b"
"Priyatna F.; Alonso-Calvo R.; Paraiso-Medina S.; Corcho O.","Priyatna, Freddy (36624192700); Alonso-Calvo, Raul (6505871369); Paraiso-Medina, Sergio (55735359100); Corcho, Oscar (14010357000)","36624192700; 6505871369; 55735359100; 14010357000","Querying clinical data in HL7 RIM based relational model with morph-RDB","2017","10.1186/s13326-017-0155-8","https://www.scopus.com/inward/record.uri?eid=2-s2.0-85030313034&doi=10.1186%2fs13326-017-0155-8&partnerID=40&md5=7364e33f0064a522dbb18af5b160c2d8"
"Cillessen F.H.J.M.; de Vries Robbé P.F.","Cillessen, Felix H.J.M. (55515798800); de Vries Robbé, P.F. (6603788151)","55515798800; 6603788151","Modeling problem-oriented clinical notes","2012","10.3414/ME11-01-0064","https://www.scopus.com/inward/record.uri?eid=2-s2.0-84870816969&doi=10.3414%2fME11-01-0064&partnerID=40&md5=bc991dc4c6c964bcc15dd0196d2507f6"
"Voos J.; Riva G.; Zerbini C.; Centeno C.; Gonzalez E.","Voos, Javier (23053031800); Riva, Guillermo (36718049400); Zerbini, Carlos (23053486200); Centeno, Carlos (23049061900); Gonzalez, Eduardo (23049690700)","23053031800; 36718049400; 23053486200; 23049061900; 23049690700","Custom HL7 V3 message provider using web services security features","2010","10.1109/IEMBS.2010.5627666","https://www.scopus.com/inward/record.uri?eid=2-s2.0-78650815003&doi=10.1109%2fIEMBS.2010.5627666&partnerID=40&md5=ae3a199277084b31d5963a0b516a1b2e"
"González C.; Blobel B.; López D.M.","González, Carolina (13104340800); Blobel, Bernd (55551292000); López, Diego M. (22941628100)","13104340800; 55551292000; 22941628100","Ontology-based interoperability service for HL7 interfaces implementation","2010","10.3233/978-1-60750-563-1-108","https://www.scopus.com/inward/record.uri?eid=2-s2.0-77954605442&doi=10.3233%2f978-1-60750-563-1-108&partnerID=40&md5=320b29bc2d9962cc99314f57f017b0e3"
"Aso S.; Perez-Rey D.; Alonso-Calvo R.; Rico-Diez A.; Bucur A.; Claerhout B.; Maojo V.","Aso, Santiago (56038673200); Perez-Rey, David (6506245444); Alonso-Calvo, Raul (6505871369); Rico-Diez, Antonio (56039922600); Bucur, Anca (8424006200); Claerhout, Brecht (6506069752); Maojo, Victor (55171738800)","56038673200; 6506245444; 6505871369; 56039922600; 8424006200; 6506069752; 55171738800","Analyzing SNOMED CT and HL7 terminology binding for semantic interoperability on post-genomic clinical trials","2013","10.3233/978-1-61499-289-9-980","https://www.scopus.com/inward/record.uri?eid=2-s2.0-84894304512&doi=10.3233%2f978-1-61499-289-9-980&partnerID=40&md5=66e5ebac2152349c686afa497bae2ffe"
"Sharma M.; Aggarwal H.","Sharma, Meenakshi (57200117751); Aggarwal, Himanshu (7003719927)","57200117751; 7003719927","Development of clinical reporting system through HL7 FHIR web services","2017","10.2174/2210327908666180118101231","https://www.scopus.com/inward/record.uri?eid=2-s2.0-85048897981&doi=10.2174%2f2210327908666180118101231&partnerID=40&md5=8cf3fe2c6ee7e016c65e7d9aff7a7c75"
"Voos J.; Centeno C.; Riva G.; Zerbini C.; Gonzalez E.","Voos, J. (23053031800); Centeno, C. (23049061900); Riva, G. (36718049400); Zerbini, C. (23053486200); Gonzalez, E. (23049690700)","23053031800; 23049061900; 36718049400; 23053486200; 23049690700","Medical data transmission using cell phone networks","2011","10.1088/1742-6596/332/1/012051","https://www.scopus.com/inward/record.uri?eid=2-s2.0-84859539266&doi=10.1088%2f1742-6596%2f332%2f1%2f012051&partnerID=40&md5=cadbc9fe1c458082f2337e66d6f5ee38"
"Worden R.; Scott P.","Worden, Robert (54792404700); Scott, Philip (56646701400)","54792404700; 56646701400","Simplifying HL7 version 3 messages","2011","10.3233/978-1-60750-806-9-709","https://www.scopus.com/inward/record.uri?eid=2-s2.0-83055161736&doi=10.3233%2f978-1-60750-806-9-709&partnerID=40&md5=3113dd96eaf4544d0ba22b2cb5ceecd1"
"Moratilla J.M.; Alonso-Calvo R.; Molina-Vaquero G.; Paraiso-Medina S.; Perez-Rey D.; Maojo V.","Moratilla, Juan M. (56044034000); Alonso-Calvo, Raul (6505871369); Molina-Vaquero, Gema (56044270500); Paraiso-Medina, Sergio (55735359100); Perez-Rey, David (6506245444); Maojo, Victor (55171738800)","56044034000; 6505871369; 56044270500; 55735359100; 6506245444; 55171738800","A data model based on semantically enhanced HL7 RIM for sharing patient data of breast cancer clinical trials","2013","10.3233/978-1-61499-289-9-971","https://www.scopus.com/inward/record.uri?eid=2-s2.0-84894298841&doi=10.3233%2f978-1-61499-289-9-971&partnerID=40&md5=03ac90776dcf40c2debd7e697261b297"
"Rao P.R.; Swami T.K.; Rao D.S.; Barnes M.J.; Thorve S.G.; Natoo P.","Rao, Praveen R. (7404660391); Swami, Tivakar Komara (55055590200); Rao, Deepthi S. (57220798714); Barnes, Michael J. (35499331700); Thorve, Swati G. (55053352500); Natoo, Prasad (53863742700)","7404660391; 55055590200; 57220798714; 35499331700; 55053352500; 53863742700","A software tool for large-scale sharing and querying of clinical documents modeled using HL7 version 3 standard","2012","10.1145/2110363.2110417","https://www.scopus.com/inward/record.uri?eid=2-s2.0-84857713702&doi=10.1145%2f2110363.2110417&partnerID=40&md5=72e5fe23ef9e959beec6b21d1f299db1"
"Oemig F.; Blobel B.","Oemig, Frank (22941217500); Blobel, Bernd (55551292000)","22941217500; 55551292000","A communication standards ontology using basic formal ontologies","2010","10.3233/978-1-60750-565-5-105","https://www.scopus.com/inward/record.uri?eid=2-s2.0-77954589038&doi=10.3233%2f978-1-60750-565-5-105&partnerID=40&md5=b0fd2a2a3eb48b83df3adb76662ae0fe"
"Bianchi S.; Burla A.; Conti C.; Farkash A.; Kent C.; Maman Y.; Shabo A.","Bianchi, Stefano (57541501000); Burla, Anna (35781580300); Conti, Costanza (35781657400); Farkash, Ariel (6602940398); Kent, Carmel (35782011800); Maman, Yonatan (35782173700); Shabo, Amnon (14049224500)","57541501000; 35781580300; 35781657400; 6602940398; 35782011800; 35782173700; 14049224500","Semantic warehousing of diverse biomedical information","2009","10.1007/978-3-642-04941-5_9","https://www.scopus.com/inward/record.uri?eid=2-s2.0-78651321275&doi=10.1007%2f978-3-642-04941-5_9&partnerID=40&md5=bfef0950253d65354d7653cf6a65ed14"
"Goossen W.T.F.; Arns-Schiere A.M.","Goossen, William T.F. (7003507151); Arns-Schiere, Anne Marieke (57193511799)","7003507151; 57193511799","Information Architecture for Perinatal Registration in the Netherlands","2017","10.1016/j.jogn.2016.11.011","https://www.scopus.com/inward/record.uri?eid=2-s2.0-85014438128&doi=10.1016%2fj.jogn.2016.11.011&partnerID=40&md5=5d31827d8d7d48799f0e719edcd9b298"
"Bianchi S.; Burla A.; Conti C.; Farkash A.; Kent C.; Maman Y.; Shabo A.","Bianchi, Stefano (57541501000); Burla, Anna (35781580300); Conti, Costanza (35781657400); Farkash, Ariel (6602940398); Kent, Carmel (35782011800); Maman, Yonatan (35782173700); Shabo, Amnon (14049224500)","57541501000; 35781580300; 35781657400; 6602940398; 35782011800; 35782173700; 14049224500","Biomedical data integration - Capturing similarities while preserving disparities","2009","10.1109/IEMBS.2009.5332650","https://www.scopus.com/inward/record.uri?eid=2-s2.0-77950994600&doi=10.1109%2fIEMBS.2009.5332650&partnerID=40&md5=9fd4d9befda82d28b4b6af0ebc6ae001"
"Alonso-Calvo R.; Perez-Rey D.; Paraiso-Medina S.; Claerhout B.; Hennebert P.; Bucur A.","Alonso-Calvo, Raul (6505871369); Perez-Rey, David (6506245444); Paraiso-Medina, Sergio (55735359100); Claerhout, Brecht (6506069752); Hennebert, Philippe (19734341800); Bucur, Anca (8424006200)","6505871369; 6506245444; 55735359100; 6506069752; 19734341800; 8424006200","Enabling semantic interoperability in multi-centric clinical trials on breast cancer","2015","10.1016/j.cmpb.2015.01.003","https://www.scopus.com/inward/record.uri?eid=2-s2.0-84923627062&doi=10.1016%2fj.cmpb.2015.01.003&partnerID=40&md5=288e39cc05091e2bf1e403b9ba47bf18"
"Minutolo A.; Esposito A.; Ciampi M.; Esposito M.; Cassetti G.","Minutolo, A. (35368923100); Esposito, A. (56991492900); Ciampi, M. (23396134400); Esposito, M. (25926920500); Cassetti, G. (56614489600)","35368923100; 56991492900; 23396134400; 25926920500; 56614489600","An automatic method for deriving OWL ontologies from XML documents","2014","10.1109/3PGCIC.2014.88","https://www.scopus.com/inward/record.uri?eid=2-s2.0-84946689097&doi=10.1109%2f3PGCIC.2014.88&partnerID=40&md5=b6596734b2c4a8272cc1e2fe5829f8bf"
"Van Munster D.; Krediet I.; Goossen W.","Van Munster, Denice (57190253401); Krediet, Irene (56001999900); Goossen, William (7003507151)","57190253401; 56001999900; 7003507151","Checking the quality of detailed clinical models: Instrument application","2016","10.3233/978-1-61499-658-3-367","https://www.scopus.com/inward/record.uri?eid=2-s2.0-84978696419&doi=10.3233%2f978-1-61499-658-3-367&partnerID=40&md5=b44a97ecc318b0b4abc7265a010082ec"
"Sharma M.; Aggarwal H.","Sharma, Meenakshi (57200117751); Aggarwal, Himanshu (7003719927)","57200117751; 7003719927","HL-7 Based Middleware Standard for Healthcare Information System: FHIR","2019","10.1007/978-981-13-1217-5_87","https://www.scopus.com/inward/record.uri?eid=2-s2.0-85063464109&doi=10.1007%2f978-981-13-1217-5_87&partnerID=40&md5=a701f7c470c5bbd6677e0ffe8b681315"
"Cosío-León M.A.; Ojeda-Carreño D.; Nieto-Hipólito J.I.; Ibarra-Hernández J.A.","Cosío-León, María A. (56728814600); Ojeda-Carreño, D. (57188874326); Nieto-Hipólito, J.I. (57206505615); Ibarra-Hernández, J.A. (57197812357)","56728814600; 57188874326; 57206505615; 57197812357","The use of standards in embedded devices to achieve end to end semantic interoperability on health systems","2018","10.1016/j.csi.2017.11.006","https://www.scopus.com/inward/record.uri?eid=2-s2.0-85035004674&doi=10.1016%2fj.csi.2017.11.006&partnerID=40&md5=029a3d3cceb98f67530a1446189d02ba"
"Melament A.; Peres Y.; Vitkin E.; Kostirev I.; Shmueli N.; Sangiorgi L.; Mordenti M.; D'Ascia S.","Melament, Alexander (35113758500); Peres, Yardena (24448736300); Vitkin, Edward (56588773000); Kostirev, Igor (48161550800); Shmueli, Noam (13807821500); Sangiorgi, Luca (6701436585); Mordenti, Marina (23103609400); D'Ascia, Sergio (48160983000)","35113758500; 24448736300; 56588773000; 48161550800; 13807821500; 6701436585; 23103609400; 48160983000","BioMIMS - SOA platform for research of rare hereditary diseases","2011","10.1109/SRII.2011.19","https://www.scopus.com/inward/record.uri?eid=2-s2.0-80051936312&doi=10.1109%2fSRII.2011.19&partnerID=40&md5=2fe301ff6dff03fed7d89d9f51d1879f"
"Tantatsanawong P.; U.-Aroon P.","Tantatsanawong, Panjai (25655565600); U.-Aroon, Prasertsak (48161710600)","25655565600; 48161710600","Multi-domain healthcare services in Thailand via future internet","2011","10.1109/SRII.2011.21","https://www.scopus.com/inward/record.uri?eid=2-s2.0-80051929347&doi=10.1109%2fSRII.2011.21&partnerID=40&md5=c3b08419473a625299d58dad97699b9c"
"Um K.S.; Kim H.S.; Hong H.S.; Cho H.","Um, Ki Sung (8867238700); Kim, Hwa Sun (59051209800); Hong, Hae Sook (7401521505); Cho, Hune (17433344700)","8867238700; 59051209800; 7401521505; 17433344700","Development of conversion tools from V2 to V3 based on caAdapter","2010","","https://www.scopus.com/inward/record.uri?eid=2-s2.0-77951232452&partnerID=40&md5=9e6a342a1e6ee15f6ba63638de690336"
"Dong G.; Liu C.","Dong, Guang (36801167100); Liu, Chunmei (55578368100)","36801167100; 55578368100","Research on basic information collection of electronic health records","2012","10.2991/citcs.2012.187","https://www.scopus.com/inward/record.uri?eid=2-s2.0-84878161407&doi=10.2991%2fcitcs.2012.187&partnerID=40&md5=ced3b7c1f009a637a26157134a88c12f"
"Hosseini M.; Ahmadi M.; Dixon B.E.","Hosseini, Masoud (57196186548); Ahmadi, Maryam (35387438600); Dixon, Brian E. (23472331900)","57196186548; 35387438600; 23472331900","A Service Oriented Architecture Approach to Achieve Interoperability between Immunization Information Systems in Iran","2014","","https://www.scopus.com/inward/record.uri?eid=2-s2.0-84964313710&partnerID=40&md5=9dbed8582201262c564e17b579b09a5b"
"Alam M.; Hussain M.; Afzal M.; Maqbool M.; Ahmad H.F.; Razzaq S.","Alam, Mehtab (58275635000); Hussain, Maqbool (35213389000); Afzal, Muhammad (7102789390); Maqbool, Maajid (37120377000); Ahmad, H. Farooq (55776667100); Razzaq, Somia (57217449377)","58275635000; 35213389000; 7102789390; 37120377000; 55776667100; 57217449377","Design and implementation of HL7 V3 standard-based service aware system","2011","10.1109/ISADS.2011.62","https://www.scopus.com/inward/record.uri?eid=2-s2.0-79955722084&doi=10.1109%2fISADS.2011.62&partnerID=40&md5=397f14cf528fda9a89be96e3d2837787"
"Pascale M.; Roselli M.; Rugani U.; Bartolini C.; Bertolino A.; Lonetti F.; Marchetti E.; Polini A.","Pascale, Massimo (35079402300); Roselli, Marcello (35079254900); Rugani, Umberto (57199539983); Bartolini, Cesare (9534536800); Bertolino, Antonia (7006797074); Lonetti, Francesca (14830490700); Marchetti, Eda (16242101500); Polini, Andrea (8399556900)","35079402300; 35079254900; 57199539983; 9534536800; 7006797074; 14830490700; 16242101500; 8399556900","Automated testing of healthcare document transformations in the PICASSO interoperability platform","2009","10.1109/ICSE-COMPANION.2009.5070974","https://www.scopus.com/inward/record.uri?eid=2-s2.0-70349664596&doi=10.1109%2fICSE-COMPANION.2009.5070974&partnerID=40&md5=35aef185b69e8f3dfca90e594c85b859"
"Gaion S.; Mininel S.; Vatta F.; Ukovich W.","Gaion, Sara (35388028500); Mininel, Stefano (6508006025); Vatta, Federica (7004425894); Ukovich, Walter (7004173049)","35388028500; 6508006025; 7004425894; 7004173049","Design of a domain model for clinical engineering within the HL7 reference information model","2010","10.1109/WHCM.2010.5441265","https://www.scopus.com/inward/record.uri?eid=2-s2.0-77952486786&doi=10.1109%2fWHCM.2010.5441265&partnerID=40&md5=4d76c86c2365cf372da8ca73c0faedaf"
"Xiaoshuo H.; Jiao Y.L.L.","Xiaoshuo, Huang (57220544625); Jiao, Yang Lin Li (57220549324)","57220544625; 57220549324","A method based on Bayesian network to retrieve clinical information models: A case study of HL7 V3","2020","10.3969/j.issn.0258-8021.2020.04.007","https://www.scopus.com/inward/record.uri?eid=2-s2.0-85097350033&doi=10.3969%2fj.issn.0258-8021.2020.04.007&partnerID=40&md5=9c96e0816038529e29a609eeb074b7e9"
"Janjua N.K.; Hussain M.; Afzal M.; Ahmad H.F.","Janjua, Naeem Khalid (57207789742); Hussain, Maqbool (35213389000); Afzal, Muhammad (7102789390); Ahmad, Hafiz Farooq (55776667100)","57207789742; 35213389000; 7102789390; 55776667100","Digital health care ecosystem: SOA compliant HL7 based health care information interchange","2009","10.1109/DEST.2009.5276681","https://www.scopus.com/inward/record.uri?eid=2-s2.0-71649106861&doi=10.1109%2fDEST.2009.5276681&partnerID=40&md5=4dd35c41111919ef580a0a9906f0a732"
"Slavov V.; Rao P.; Paturi S.; Swami T.K.; Barnes M.; Rao D.; Palvai R.","Slavov, Vasil (55695782300); Rao, Praveen (7404660391); Paturi, Srivenu (55837976600); Swami, Tivakar Komara (55055590200); Barnes, Michael (35499331700); Rao, Deepthi (57220798714); Palvai, Raghuvarun (55837590000)","55695782300; 7404660391; 55837976600; 55055590200; 35499331700; 57220798714; 55837590000","A new tool for sharing and querying of clinical documents modeled using HL7 Version 3 standard","2013","10.1016/j.cmpb.2013.07.002","https://www.scopus.com/inward/record.uri?eid=2-s2.0-84885434482&doi=10.1016%2fj.cmpb.2013.07.002&partnerID=40&md5=0f0735a300d94853bf7402e3b832a697"
"Scott P.; Worden R.","Scott, Philip (56646701400); Worden, Robert (54792404700)","56646701400; 54792404700","Semantic mapping to simplify deployment of HL7 v3 Clinical Document Architecture","2012","10.1016/j.jbi.2012.02.006","https://www.scopus.com/inward/record.uri?eid=2-s2.0-84865106956&doi=10.1016%2fj.jbi.2012.02.006&partnerID=40&md5=8fd771786416d9f5569f94534b3a8191"
"Calamai R.; Giarré L.","Calamai, Renato (36056012000); Giarré, Laura (6603769649)","36056012000; 6603769649","HL7v3 CDA Rel.2 patient summary and chronic care model: Localization experience and GPIHS integration project","2010","10.1109/ICSMC.2010.5642223","https://www.scopus.com/inward/record.uri?eid=2-s2.0-78751504344&doi=10.1109%2fICSMC.2010.5642223&partnerID=40&md5=0b89f20412984746f020a7a2fcb39fcd"
"Namli T.; Dogac A.","Namli, T. (25653328900); Dogac, A. (7003354842)","25653328900; 7003354842","Testing conformance and inter - Operability of eHealth applications","2010","10.3414/ME09-02-0022","https://www.scopus.com/inward/record.uri?eid=2-s2.0-77952378280&doi=10.3414%2fME09-02-0022&partnerID=40&md5=ba13a83639085b142b62f74a69fcec82"
"Egner A.; Moldoveanu F.; Moldoveanu A.; Asavei V.; Morar A.A.; Boiangiu C.A.","Egner, Alexandru (56600305000); Moldoveanu, Florica (6507837390); Moldoveanu, Alin (24438151800); Asavei, Victor (24437797700); Morar, Anca Andreea (36598771600); Boiangiu, Costin Anton (6506993286)","56600305000; 6507837390; 24438151800; 24437797700; 36598771600; 6506993286","Testing the interoperability of HL7-based applications using TTCN-3","2010","","https://www.scopus.com/inward/record.uri?eid=2-s2.0-84904410974&partnerID=40&md5=726340e794639bef3a1730be868e7248"
"Wahl H.; Winiwarter W.","Wahl, Harald (7102344640); Winiwarter, Werner (57224438042)","7102344640; 57224438042","Towards a generic data model for the Integrated Intelligent Computer-Assisted Language Learning (iiCALL) environment","2013","10.1145/2539150.2539262","https://www.scopus.com/inward/record.uri?eid=2-s2.0-84896824313&doi=10.1145%2f2539150.2539262&partnerID=40&md5=4967a6a6821db68db65ec5103f5bacd4"
"Bossenko I.; Piho G.; Ross P.","Bossenko, Igor (57951337000); Piho, Gunnar (36497203700); Ross, Peeter (15760838900)","57951337000; 36497203700; 15760838900","Modelling a Patient Identifier System in the Estonian National Health Information System","2025","10.1007/978-3-031-76368-7_10","https://www.scopus.com/inward/record.uri?eid=2-s2.0-85211373339&doi=10.1007%2f978-3-031-76368-7_10&partnerID=40&md5=251c1fed882568fce45af0610ee16342"
"Liang J.; Xu M.; Zhang L.; Li L.; Zheng X.; Chen D.; Yang S.; Li B.; Jin O.; Ji Z.; Sun J.","Liang, Jun (25628488700); Xu, Meifang (55478825600); Zhang, Lizhong (36769926300); Li, Lanjuan (55730801100); Zheng, Xiaolin (57189368439); Chen, Deren (55657477000); Yang, Shengli (36678561700); Li, Baoluo (56129852100); Jin, Ou (59568766300); Ji, Zhou (57214282576); Sun, Junxiang (7410368695)","25628488700; 55478825600; 36769926300; 55730801100; 57189368439; 55657477000; 36678561700; 56129852100; 59568766300; 57214282576; 7410368695","Developing interoperable electronic health record service in China","2011","10.4156/jdcta.vol5.issue4.26","https://www.scopus.com/inward/record.uri?eid=2-s2.0-79955680869&doi=10.4156%2fjdcta.vol5.issue4.26&partnerID=40&md5=1a8038db127736a76041180c36c0322d"
"Kazemzadeh R.S.; Sartipi K.; Jayaratna P.","Kazemzadeh, Reza S. (15623032600); Sartipi, Kamran (6602396284); Jayaratna, Priya (27867629700)","15623032600; 6602396284; 27867629700","A Framework for Data and Mined Knowledge Interoperability in Clinical Decision Support Systems","2010","10.4018/jhisi.2010110303","https://www.scopus.com/inward/record.uri?eid=2-s2.0-85001687912&doi=10.4018%2fjhisi.2010110303&partnerID=40&md5=434937d210cc780101d61c0f24b303ba"
"Piho G.; Tepandi J.; Thompson D.; Woerner A.; Parman M.","Piho, Gunnar (36497203700); Tepandi, Jaak (6507654726); Thompson, Douglas (56666455000); Woerner, Andreas (57052748300); Parman, Marko (36497304700)","36497203700; 6507654726; 56666455000; 57052748300; 36497304700","Business archetypes and archetype patterns from the HL7 RIM and openEHR RM perspectives: Towards interoperability and evolution of healthcare models and software systems","2015","10.1016/j.procs.2015.08.384","https://www.scopus.com/inward/record.uri?eid=2-s2.0-84954128142&doi=10.1016%2fj.procs.2015.08.384&partnerID=40&md5=8d954d4af269c447ad6b20dcffec662e"
"Duim M.; Boterenbrood F.; Goossen W.T.F.","Duim, Mitchell (56245145100); Boterenbrood, Frank (56245359100); Goossen, William T.F. (7003507151)","56245145100; 56245359100; 7003507151","Continuity of care with HL7 v3 care record for oncology nursing","2014","10.3233/978-1-61499-415-2-476","https://www.scopus.com/inward/record.uri?eid=2-s2.0-84903694490&doi=10.3233%2f978-1-61499-415-2-476&partnerID=40&md5=b4e5cb30c504ec365ef7fb557a1aebd0"
"Vergari F.; Gazzarata R.; Morandi F.; Parodi V.; Naso S.; Arezza A.; Salmon Cinotti T.; Giacomini M.","Vergari, Fabio (25628727600); Gazzarata, Roberta (36466289400); Morandi, Francesco (55251027500); Parodi, Viola (55249856700); Naso, Simone (55249661700); Arezza, Alessandra (27067596200); Salmon Cinotti, Tulio (57221389013); Giacomini, Mauro (55208666200)","25628727600; 36466289400; 55251027500; 55249856700; 55249661700; 27067596200; 57221389013; 55208666200","A standardized middleware as the core of a telemonitoring European Project","2012","10.3233/978-1-61499-101-4-497","https://www.scopus.com/inward/record.uri?eid=2-s2.0-84872552055&doi=10.3233%2f978-1-61499-101-4-497&partnerID=40&md5=d807006ac046ba16992c67b2a8ac95c6"
"Bender D.; Sartipi K.","Bender, Duane (56821207500); Sartipi, Kamran (6602396284)","56821207500; 6602396284","HL7 FHIR: An Agile and RESTful approach to healthcare information exchange","2013","10.1109/cbms.2013.6627810","https://www.scopus.com/inward/record.uri?eid=2-s2.0-84897051719&doi=10.1109%2fcbms.2013.6627810&partnerID=40&md5=0103dd04e8cb54843355149ccab68bac"
"Dobrescu R.; Purcarea V.","Dobrescu, Radu (13906299000); Purcarea, Victor (33768010500)","13906299000; 33768010500","Impact of information technology on the quality of health services","2012","10.1007/978-3-642-27449-7_23","https://www.scopus.com/inward/record.uri?eid=2-s2.0-84859797426&doi=10.1007%2f978-3-642-27449-7_23&partnerID=40&md5=2c57438a428efa6f756793abec27ce16"
"Nagy M.; Hanzlícek P.; Precková P.; Ríha A.; Dioszegi M.; Seidl L.; Zvárová J.","Nagy, M. (56275608600); Hanzlícek, P. (49561289400); Precková, P. (23499299600); Ríha, A. (6602495861); Dioszegi, M. (35784325500); Seidl, L. (35784993200); Zvárová, J. (7006675429)","56275608600; 49561289400; 23499299600; 6602495861; 35784325500; 35784993200; 7006675429","Semantic interoperability in Czech healthcare environment supported by Hl7 version 3","2010","10.3414/ME09-02-0018","https://www.scopus.com/inward/record.uri?eid=2-s2.0-77949780437&doi=10.3414%2fME09-02-0018&partnerID=40&md5=8cdc390b0349fac34bfc5fad461f0709"
"Bossenko I.; Linna K.; Piho G.; Ross P.","Bossenko, Igor (57951337000); Linna, Kerli (57952873100); Piho, Gunnar (36497203700); Ross, Peeter (15760838900)","57951337000; 57952873100; 36497203700; 15760838900","Migration from HL7 Clinical Document Architecture (CDA) to Fast Health Interoperability Resources (FHIR) in Infectious Disease Information System of Estonia","2023","10.1145/3555776.3577836","https://www.scopus.com/inward/record.uri?eid=2-s2.0-85162857522&doi=10.1145%2f3555776.3577836&partnerID=40&md5=7359f822a36e3c1287490ea618270c61"
"Rico-Diez A.; Aso S.; Perez-Rey D.; Alonso-Calvo R.; Bucur A.; Claerhout B.; Maojo V.","Rico-Diez, Antonio (56039922600); Aso, Santiago (56038673200); Perez-Rey, David (6506245444); Alonso-Calvo, Raul (6505871369); Bucur, Anca (8424006200); Claerhout, Brecht (6506069752); Maojo, Victor (55171738800)","56039922600; 56038673200; 6506245444; 6505871369; 8424006200; 6506069752; 55171738800","SNOMED CT normal form and HL7 RIM binding to normalize clinical data from cancer trials","2013","10.1109/BIBE.2013.6701688","https://www.scopus.com/inward/record.uri?eid=2-s2.0-84894114214&doi=10.1109%2fBIBE.2013.6701688&partnerID=40&md5=d91999a6bfc034e3330f3c7e20f35e1c"
"Fox R.; Sahay R.; Hauswirth M.","Fox, Ronan (25721956400); Sahay, Ratnesh (25722355600); Hauswirth, Manfred (21934079800)","25721956400; 25722355600; 21934079800","PPEPR for enterprise healthcare integration","2009","10.1007/978-3-642-00413-1_16","https://www.scopus.com/inward/record.uri?eid=2-s2.0-84885887636&doi=10.1007%2f978-3-642-00413-1_16&partnerID=40&md5=83e6dd243d199d0106ff7c2f9b0e9fac"
"Shakir A.-M.; Cardenas D.; Datta G.; Mittra D.; Basu A.; Verma R.","Shakir, Abdul-Malik (56284370900); Cardenas, David (10143095500); Datta, Gora (10144249100); Mittra, Debashish (57156340500); Basu, Arindam (24079908400); Verma, Rini (57199667804)","56284370900; 10143095500; 10144249100; 57156340500; 24079908400; 57199667804","Design and development of standards (HL7 V3) based enterprise architecture for public health programs integration at the county of Los Angeles","2008","10.4018/978-1-60566-050-9.ch039","https://www.scopus.com/inward/record.uri?eid=2-s2.0-85018567513&doi=10.4018%2f978-1-60566-050-9.ch039&partnerID=40&md5=be81b215630860bb89ae0bfaf5c6804c"
"Baird S.; Dawson-Haggerty S.; Myung D.; Gaynor M.; Welsh M.; Moulton S.","Baird, Sam (15057540300); Dawson-Haggerty, Stephen (18041580400); Myung, Dan (15058081500); Gaynor, Mark (7004115073); Welsh, Matt (7202401743); Moulton, Steve (7003742450)","15057540300; 18041580400; 15058081500; 7004115073; 7202401743; 7003742450","Communicating data from wireless sensor networks using the HL7v3 standard","2006","10.1109/BSN.2006.18","https://www.scopus.com/inward/record.uri?eid=2-s2.0-33750834449&doi=10.1109%2fBSN.2006.18&partnerID=40&md5=07766ec1b0edf279674393d856d840a3"
"Ryan A.; Eklund P.; Esler B.","Ryan, Amanda (57212391120); Eklund, Peter (7101693123); Esler, Brett (12544680700)","57212391120; 7101693123; 12544680700","Toward the interoperability of HL7 v3 and SNOMED CT: A case study modeling mobile clinical treatment","2007","","https://www.scopus.com/inward/record.uri?eid=2-s2.0-38449098023&partnerID=40&md5=4e7e5aa4c7892023cfe43ec80ea26e3a"
"Zvárová J.; Hanzlicek P.","Zvárová, J. (7006675429); Hanzlicek, P. (49561289400)","7006675429; 49561289400","Internet in continuous shared health care","2005","","https://www.scopus.com/inward/record.uri?eid=2-s2.0-32444442317&partnerID=40&md5=8252faa8e05e18715c8d8f17d8bc5521"
"Hiroi K.; Ido K.; Yang W.; Nakaya J.","Hiroi, Kaei (20433369400); Ido, Keisuke (7102644596); Yang, Woosung (55501082000); Nakaya, Jun (35305291400)","20433369400; 7102644596; 55501082000; 35305291400","Interface analysis between GSVML and HL7 version 3","2007","10.1016/j.jbi.2006.12.006","https://www.scopus.com/inward/record.uri?eid=2-s2.0-34548210417&doi=10.1016%2fj.jbi.2006.12.006&partnerID=40&md5=bde36e79808158513f7f229aa116dd7a"
"Bicer V.; Laleci G.B.; Dogac A.; Kabak Y.","Bicer, Veli (12039408800); Laleci, Gokce B. (57484670100); Dogac, Asuman (7003354842); Kabak, Yildiray (8615352200)","12039408800; 57484670100; 7003354842; 8615352200","Artemis message exchange framework: Semantic interoperability of exchanged messages in the healthcare domain","2005","10.1145/1084805.1084819","https://www.scopus.com/inward/record.uri?eid=2-s2.0-31444432970&doi=10.1145%2f1084805.1084819&partnerID=40&md5=bf11a24c531882caaf0932309eadcc87"
"Coyle J.F.; Mori A.R.; Huff S.M.","Coyle, Joseph F. (7202679057); Mori, Angelo Rossi (7403338612); Huff, Stanley M. (7005508146)","7202679057; 7403338612; 7005508146","Standards for detailed clinical models as the basis for medical data exchange and decision support","2003","10.1016/S1386-5056(02)00103-X","https://www.scopus.com/inward/record.uri?eid=2-s2.0-0642376729&doi=10.1016%2fS1386-5056%2802%2900103-X&partnerID=40&md5=8f8b1a587d8a6ba77cfebbab5a10c2ea"
"Ryan A.; Eklund P.","Ryan, Amanda (57212391120); Eklund, Peter (7101693123)","57212391120; 7101693123","A framework for semantic interoperability in healthcare: A service oriented architecture based on health informatics standards","2008","","https://www.scopus.com/inward/record.uri?eid=2-s2.0-44349174951&partnerID=40&md5=d2710ab6257c79c81e82f3309d8fb517"
"Spahni S.; Lovis C.; Mercille R.; Verdel H.; Cotten M.; Geissbühler A.","Spahni, Stéphane (6603581142); Lovis, Christian (55046580400); Mercille, Richard (39961893200); Verdel, Hervé (39962640300); Cotten, Michel (39961365000); Geissbühler, Antoine (34769924200)","6603581142; 55046580400; 39961893200; 39962640300; 39961365000; 34769924200","Implementing a new ADT based on the HL7 version 3 RIM","2007","10.1016/j.ijmedinf.2006.05.006","https://www.scopus.com/inward/record.uri?eid=2-s2.0-33846783017&doi=10.1016%2fj.ijmedinf.2006.05.006&partnerID=40&md5=11ec5634f8f2fc7c399b18f1e32ac61c"
"Goossen W.","Goossen, William (7003507151)","7003507151","Sending electronic nursing discharge messages using the HL7 v3 care provision standard","2009","10.3233/978-1-60750-024-7-269","https://www.scopus.com/inward/record.uri?eid=2-s2.0-70349573298&doi=10.3233%2f978-1-60750-024-7-269&partnerID=40&md5=1717a29deb111c72897d486ff43bee55"
"Sartipi K.; Yarmand M.H.","Sartipi, Kamran (6602396284); Yarmand, Mohammad H. (23478978600)","6602396284; 23478978600","Standard-based data and service interoperability in eHealth systems","2008","10.1109/ICSM.2008.4658067","https://www.scopus.com/inward/record.uri?eid=2-s2.0-57849083109&doi=10.1109%2fICSM.2008.4658067&partnerID=40&md5=beb344865d215d1029712d078a0e84e3"
"Shakir A.-M.; Cardenas D.; Datta G.; Mittra D.; Basu A.; Verma R.","Shakir, Abdul-Malik (56284370900); Cardenas, David (10143095500); Datta, Gora (10144249100); Mittra, Debashish (57156340500); Basu, Arindam (24079908400); Verma, Rini (57199667804)","56284370900; 10143095500; 10144249100; 57156340500; 24079908400; 57199667804","Design and Development of Standards (HL7 V3) Based Enterprise Architecture for Public Health Programs Integration at the County of Los Angeles","2007","10.4018/jhisi.2007040104","https://www.scopus.com/inward/record.uri?eid=2-s2.0-85001849152&doi=10.4018%2fjhisi.2007040104&partnerID=40&md5=935f367e47c4533efd52b0ade2552e6b"
"Carlsson G.; Hagberg T.; Bogavac L.; Wintell M.","Carlsson, Göran (7202616002); Hagberg, Tommy (24168370800); Bogavac, Ludmilla (24167616500); Wintell, Mikael (35977220000)","7202616002; 24168370800; 24167616500; 35977220000","How HL7 version 3 is used at the Sahlgrenska University Hospital to exchange information with a central archive","2008","10.1117/12.770003","https://www.scopus.com/inward/record.uri?eid=2-s2.0-42949166175&doi=10.1117%2f12.770003&partnerID=40&md5=4e31f50db2085e25f85f6a9881a410c0"
"","","","Medical Imaging 2008: PACS and Imaging Informatics","2008","","https://www.scopus.com/inward/record.uri?eid=2-s2.0-42949119719&partnerID=40&md5=a1cd36115bd6fd841a15c06be31d3de9"
"Klann J.; McCoy J.M.","Klann, Jeff (25929304800); McCoy, J Michael (7201355478)","25929304800; 7201355478","Patient record 2.0: using structured clinical documents to provide ranked, relevant display of patient records.","2008","","https://www.scopus.com/inward/record.uri?eid=2-s2.0-73949146568&partnerID=40&md5=a0e92421c0f04c84676b04763c42870b"
"Wroe C.","Wroe, Chris (57223396109)","57223396109","Is semantic web technology ready for healthcare?","2006","","https://www.scopus.com/inward/record.uri?eid=2-s2.0-84884340564&partnerID=40&md5=d5b8a572afa90f7f513d473b1092e9f3"
"Wrightson A.","Wrightson, Ann (55511569800)","55511569800","Is it possible to be simple without being stupid?: Exploring the semantics of model-driven XML","2007","","https://www.scopus.com/inward/record.uri?eid=2-s2.0-84871734650&partnerID=40&md5=87331dc4521595daf864d1f9fde68eab"
"Beeler G.W.","Beeler, George W. (56628698700)","56628698700","HL7 Version 3 - An object-oriented methodology for collaborative standards development","1998","10.1016/S1386-5056(97)00121-4","https://www.scopus.com/inward/record.uri?eid=2-s2.0-0032005517&doi=10.1016%2fS1386-5056%2897%2900121-4&partnerID=40&md5=7fa6248f1e422e3b483a88e60910bd88"
"Blobel B.","Blobel, Bernd (55551292000)","55551292000","Advanced and secure architectural EHR approaches","2006","10.1016/j.ijmedinf.2005.07.017","https://www.scopus.com/inward/record.uri?eid=2-s2.0-33644517603&doi=10.1016%2fj.ijmedinf.2005.07.017&partnerID=40&md5=0c32d3aeb294721e562cf18aaa0a085b"
"Djukic G.; Marraccini P.; Mazzarisi A.; Marcheschi P.; Benassi A.","Djukic, G. (6507115092); Marraccini, P. (7006569397); Mazzarisi, A. (6701842790); Marcheschi, P. (6602654082); Benassi, A. (23101920100)","6507115092; 7006569397; 6701842790; 6602654082; 23101920100","The black box: Biomedical signals and event recorder in the cath lab","2004","","https://www.scopus.com/inward/record.uri?eid=2-s2.0-28144450370&partnerID=40&md5=b17134f03c74b745b876eb6a0faef444"
"Duwe H.","Duwe, Helmut (57225293680)","57225293680","Relationships between healthcare and research records","2004","","https://www.scopus.com/inward/record.uri?eid=2-s2.0-14544267656&partnerID=40&md5=961f348fee7df31bf0d75f1251e7156c"
"Mazzarisi A.; Marcheschi P.; Dalmiani S.; Marraccini P.; Startari U.; Piacenti M.","Mazzarisi, A. (6701842790); Marcheschi, P. (6602654082); Dalmiani, S. (6603158765); Marraccini, P. (7006569397); Startari, U. (12785249000); Piacenti, M. (6603688241)","6701842790; 6602654082; 6603158765; 7006569397; 12785249000; 6603688241","System for electrophysiology integration with other departments using clinical document architecture technologies and HL7 V3","2004","","https://www.scopus.com/inward/record.uri?eid=2-s2.0-28144441414&partnerID=40&md5=4c7b45f79064c888a46d07272591ea4e"
"Zhang J.; Zhang C.; Sun J.; Yang Y.; Jin J.; Yu F.; He Z.; Zheng X.; Qin H.; Feng J.; Zhang G.","Zhang, Jianguo (57215789703); Zhang, Chenghao (56097360900); Sun, Jianyong (55752395000); Yang, Yuanyuan (55719890700); Jin, Jin (51564043800); Yu, Fenghai (7402822962); He, Zhenyu (8942258300); Zheng, Xichuang (22636510700); Qin, Huanrong (22635506700); Feng, Jie (59282879100); Zhang, Guozheng (56170515100)","57215789703; 56097360900; 55752395000; 55719890700; 51564043800; 7402822962; 8942258300; 22636510700; 22635506700; 59282879100; 56170515100","A grid-based implementation of XDS-I as a part of a metropolitan EHR in Shanghai","2007","10.1117/12.709117","https://www.scopus.com/inward/record.uri?eid=2-s2.0-35148879635&doi=10.1117%2f12.709117&partnerID=40&md5=79094b3542c63c278fc91fc20ce1c674"
"Rishel W.","Rishel, W. (6602722567)","6602722567","HL7 with CORBA and OLE: software components for healthcare.","1996","","https://www.scopus.com/inward/record.uri?eid=2-s2.0-0030341006&partnerID=40&md5=01d60eae8c58a07ff859415055fa2394"
"Chronaki C.E.; Chiarugi F.; Fischer R.","Chronaki, Catherine E. (6701349152); Chiarugi, F. (6603590141); Fischer, R. (56281548800)","6701349152; 6603590141; 56281548800","OpenECG: Medical device interoperability as a quality label for eHealth services","2006","","https://www.scopus.com/inward/record.uri?eid=2-s2.0-50149119238&partnerID=40&md5=7d9f65caf76f6d077e4be9902ef54c9e"
"Chu S.; Esler B.","Chu, Stephen (8856914300); Esler, Brett (12544680700)","8856914300; 12544680700","A structured guideline content model for clinical decision support systems","2006","","https://www.scopus.com/inward/record.uri?eid=2-s2.0-33144477559&partnerID=40&md5=83737d3639ad3c31d04a5a0dfd33d962"
"Van Der Linden H.; Diepen S.; Boers G.; Tange H.; Talmon J.","Van Der Linden, Helma (7004573309); Diepen, Sjoerd (55912446500); Boers, Gerrit (7004537832); Tange, Huibert (7003499041); Talmon, Jan (7006019325)","7004573309; 55912446500; 7004537832; 7003499041; 7006019325","Towards a generic connection of ehr and dss","2005","","https://www.scopus.com/inward/record.uri?eid=2-s2.0-84878724805&partnerID=40&md5=535b9003cdf4942e2a9b9aa17e085f46"
"Yun J.H.; Kim I.K.","Yun, Ji Hyun (55419988400); Kim, Il Kon (14919454400)","55419988400; 14919454400","Processing HL7-CDA entry for semantic interoperability","2007","10.1109/ICCIT.2007.4420535","https://www.scopus.com/inward/record.uri?eid=2-s2.0-49049117317&doi=10.1109%2fICCIT.2007.4420535&partnerID=40&md5=8179cbb8e051300a8b77c2b2d9ccecaf"
"Dolin R.H.; Alschuler L.; Beebe C.; Biron P.V.; Boyer S.L.; Essin D.; Kimber E.; Lincoln T.; Mattison J.E.","Dolin, R.H. (57196612721); Alschuler, L. (6603264247); Beebe, C. (6701339542); Biron, P.V. (7103346472); Boyer, S.L. (7103122569); Essin, D. (6701564010); Kimber, E. (6602763560); Lincoln, T. (7103173323); Mattison, J.E. (7003661420)","57196612721; 6603264247; 6701339542; 7103346472; 7103122569; 6701564010; 6602763560; 7103173323; 7003661420","The HL7 clinical document architecture","2001","10.1136/jamia.2001.0080552","https://www.scopus.com/inward/record.uri?eid=2-s2.0-0035183926&doi=10.1136%2fjamia.2001.0080552&partnerID=40&md5=2740f8a466ff2e635e6cb3bb5b905e55"
"Van Der Kooij J.; Goossen W.T.F.; Goossen-Baremans A.T.M.; De Jong-Fintelman M.; Van Beek L.","Van Der Kooij, Judith (23500200600); Goossen, William T.F. (7003507151); Goossen-Baremans, Anneke T.M. (22953657100); De Jong-Fintelman, Marinka (23495228300); Van Beek, Lisanne (55931959000)","23500200600; 7003507151; 22953657100; 23495228300; 55931959000","Using SNOMED CT codes for coding information in electronic health records for stroke patients","2006","","https://www.scopus.com/inward/record.uri?eid=2-s2.0-39049190045&partnerID=40&md5=ce3f4e273fc1d18afe62685ab7b01fce"
"Blobel B.G.M.E.; Engel K.; Pharow P.","Blobel, B.G.M.E. (55551292000); Engel, K. (7102242790); Pharow, P. (6603378723)","55551292000; 7102242790; 6603378723","Semantic interoperability: HL7 version 3 compared to advanced architecture standards","2006","10.1055/s-0038-1634087","https://www.scopus.com/inward/record.uri?eid=2-s2.0-33747878082&doi=10.1055%2fs-0038-1634087&partnerID=40&md5=0b12c7dc08d6c1f378ce7a4d6995ff35"
"Oemig F.; Blobel B.","Oemig, Frank (22941217500); Blobel, Bernd (55551292000)","22941217500; 55551292000","Does HL7 go towards an architecture standard?","2005","","https://www.scopus.com/inward/record.uri?eid=2-s2.0-34249328707&partnerID=40&md5=eaf67c3b25928b1cec7f5d148f2fe8b4"
"Dehmoobad A.; Sartipi K.","Dehmoobad, Azin (26646357700); Sartipi, Kamran (6602396284)","26646357700; 6602396284","Minimized domain knowledge for SOA-based interoperability","2008","10.1109/APSCC.2008.132","https://www.scopus.com/inward/record.uri?eid=2-s2.0-67049143094&doi=10.1109%2fAPSCC.2008.132&partnerID=40&md5=ce857604170fedbb9e350e9ba2255d76"
"Van Grunsven A.; Bindels R.; Coenen C.; De Bel E.","Van Grunsven, Arno (23500635300); Bindels, Rianne (7006377934); Coenen, Chel (55387438600); De Bel, Ernst (6602660971)","23500635300; 7006377934; 55387438600; 6602660971","Developing an integrated electronic nursing record based on standards","2006","","https://www.scopus.com/inward/record.uri?eid=2-s2.0-39049175824&partnerID=40&md5=0e99bea10a8a4e00536705e3d4dfeb38"
"Chang Y.J.; Lai J.S.; Cheng P.H.; Lai F.","Chang, Y.J. (56169142300); Lai, J.S. (7401939646); Cheng, P.H. (14018972600); Lai, Faipei (7202559775)","56169142300; 7401939646; 14018972600; 7202559775","Portable CDA for the exchange of clinical documents","2007","10.1109/HEALTH.2007.381593","https://www.scopus.com/inward/record.uri?eid=2-s2.0-34748874812&doi=10.1109%2fHEALTH.2007.381593&partnerID=40&md5=cc9b4f8d812d5382858a11fe4855ba30"
"Končar M.","Končar, Miroslav (12753156700)","12753156700","HL7 standard - Features, principles, and methodology; [HL7 norma - Značajke, principi i metodologija]","2005","","https://www.scopus.com/inward/record.uri?eid=2-s2.0-22144494167&partnerID=40&md5=8b0539eb4333af0d1f9a255ea817f2c2"
"Končar M.; Mrkonjić G.; Tonković S.","Končar, Miroslav (12753156700); Mrkonjić, Grga (24438088200); Tonković, Stanko (6602671466)","12753156700; 24438088200; 6602671466","Multimedia content management with HL7v3 messages","2006","10.1109/ELMAR.2006.329569","https://www.scopus.com/inward/record.uri?eid=2-s2.0-46149104177&doi=10.1109%2fELMAR.2006.329569&partnerID=40&md5=8577b299552b645a6545cc04f629a32e"
"Verma R.; Shakir A.-M.; Cardenas D.; Mittra D.; Marwaha A.; Sen G.; Datta G.","Verma, Rini (57199667804); Shakir, Abdul-Malik (56284370900); Cardenas, David (10143095500); Mittra, Debashish (57156340500); Marwaha, Ashok (10138844900); Sen, Gopal (57205943454); Datta, Gora (10144249100)","57199667804; 56284370900; 10143095500; 57156340500; 10138844900; 57205943454; 10144249100","Integration of a SARS surveillance application into an HL7 standards-based public health information network","2005","","https://www.scopus.com/inward/record.uri?eid=2-s2.0-29244476840&partnerID=40&md5=48ed42735d5684b092fc21c2e7e4bf9b"
"Jones T.M.; Mead C.N.","Jones, Thomas M (57198743723); Mead, Charles N (7005102632)","57198743723; 7005102632","The architecture of sharing. An HL7 Version 3 framework offers semantically interoperable healthcare information.","2005","","https://www.scopus.com/inward/record.uri?eid=2-s2.0-33644833501&partnerID=40&md5=553c3d82f665b008716dca9c173ed94a"
"Mead C.N.","Mead, Charles N (7005102632)","7005102632","Data interchange standards in healthcare IT--computable semantic interoperability: now possible but still difficult, do we really need a better mousetrap?","2006","","https://www.scopus.com/inward/record.uri?eid=2-s2.0-33644856806&partnerID=40&md5=91d2a85b7f668db985ec50fc7ae96805"
"Sakamoto N.; Nakaya J.","Sakamoto, Norihiro (56405992700); Nakaya, Jun (35305291400)","56405992700; 35305291400","Towards the construction of the information infrastructure for genome medicine","2005","10.1007/11527725_18","https://www.scopus.com/inward/record.uri?eid=2-s2.0-26444463796&doi=10.1007%2f11527725_18&partnerID=40&md5=1bf5d7a51636aa8c50c9a9efd790c0c6"
"Končar M.","Končar, Miroslav (12753156700)","12753156700","Implementing the HL7v3 standard in croatian primary healthcare domain","2004","","https://www.scopus.com/inward/record.uri?eid=2-s2.0-14544286420&partnerID=40&md5=971ebcca6e7efc5250bdfd1140a6d565"
"Wroe C.J.; Cimino J.J.; Rector A.L.","Wroe, C.J. (57223396109); Cimino, J.J. (7006337145); Rector, A.L. (7005486082)","57223396109; 7006337145; 7005486082","Integrating existing drug formulation terminologies into an HL7 standard classification using OpenGALEN.","2001","","https://www.scopus.com/inward/record.uri?eid=2-s2.0-0035749610&partnerID=40&md5=e7ade8d92173aaf999382a2bf3d6785c"
